Workbook

Sheet Instrucciones
A1: Conjunto de evaluación — Clasificación de incidencias AudioVital (Flujo 1)
A2: Proyecto de portafolio con datos ficticios. Autor: José Rafael Vázquez Silva.
A4: Objetivo
A5: Medir cómo clasifica el Flujo 1 (gpt-4.1-mini, temperatura 0, json_object, prompt con criterios documentales) 30 incidencias cuyo Tipo y Prioridad esperados se fijaron ANTES de ejecutarlas, a partir de los PDFs de la base documental.
A7: Composición
A8: 30 casos: 12 Avería, 9 Reclamación, 9 Otro. 25 claros, 3 de frontera (en el límite entre dos prioridades) y 2 ambiguos (admiten dos lecturas razonables).
A9: Los casos donde dos respuestas son defendibles (EV-20, EV-21, EV-30) tienen una 'Alternativa aceptable'. Se mide el acierto estricto (solo el esperado) y el acierto con alternativas.
A11: Cómo rellenarlo
A12: 1. Cargar las 30 descripciones en Dataverse (archivo eval_importar_incidencias.csv) y dejar que el Flujo 1 las clasifique.
A13: 2. En la hoja 'Casos', rellenar SOLO las celdas amarillas: INC asignada, Tipo obtenido y Prioridad obtenida (hay desplegables).
A14: 3. Las columnas de acierto y la hoja 'Resumen' se calculan solas con fórmulas.
A16: Leyenda
... A20: Versión de este archivo: resultados de la pasada v2 (prompt con 2 reglas añadidas + Estado escrito por expresión). La hoja Comparativa muestra v1 frente a v2.

Sheet Comparativa
A1: ID | B1: Categoría | C1: Tipo esperado | D1: Prioridad esperada | E1: Alternativa | F1: INC v1 | G1: Tipo v1 | H1: Prioridad v1 | I1: Acierto v1 (con alt.) | J1: INC v2 | K1: Tipo v2 | L1: Prioridad v2 | M1: Estado v2 | N1: Escalada v2 | O1: Acierto v2 (con alt.) | P1: Estado coherente v2 | Q1: Cambio
A2: =Casos!A2 -> EV-01 | B2: =Casos!B2 -> Clara | C2: =Casos!D2 -> Avería | D2: =Casos!E2 -> Alta | E2: =Casos!G2 -> 0 | F2: INC-0012 | G2: Avería | H2: Alta | I2: =IF(OR(AND(G2=C2,H2=D2),G2&" / "&H2=E2),1,0) -> 1 | J2: INC-0042 | K2: Avería | L2: Alta | M2: Escalada | N2: Sí | O2: =IF(OR(AND(K2=C2,L2=D2),K2&" / "&L2=E2),1,0) -> 1 | P2: =IF(OR(AND(L2="Alta",M2="Escalada",N2="Sí"),AND(L2<>"Alta",M2="Abierta",N2="No")),1,0) -> 1 | Q2: =IF(I2=O2,"=",IF(O2>I2,"Corregido","Empeora")) -> =
A3: =Casos!A3 -> EV-02 | B3: =Casos!B3 -> Clara | C3: =Casos!D3 -> Avería | D3: =Casos!E3 -> Alta | E3: =Casos!G3 -> 0 | F3: INC-0013 | G3: Avería | H3: Alta | I3: =IF(OR(AND(G3=C3,H3=D3),G3&" / "&H3=E3),1,0) -> 1 | J3: INC-0043 | K3: Avería | L3: Alta | M3: Escalada | N3: Sí | O3: =IF(OR(AND(K3=C3,L3=D3),K3&" / "&L3=E3),1,0) -> 1 | P3: =IF(OR(AND(L3="Alta",M3="Escalada",N3="Sí"),AND(L3<>"Alta",M3="Abierta",N3="No")),1,0) -> 1 | Q3: =IF(I3=O3,"=",IF(O3>I3,"Corregido","Empeora")) -> =
A4: =Casos!A4 -> EV-03 | B4: =Casos!B4 -> Clara | C4: =Casos!D4 -> Avería | D4: =Casos!E4 -> Alta | E4: =Casos!G4 -> 0 | F4: INC-0014 | G4: Avería | H4: Alta | I4: =IF(OR(AND(G4=C4,H4=D4),G4&" / "&H4=E4),1,0) -> 1 | J4: INC-0044 | K4: Avería | L4: Alta | M4: Escalada | N4: Sí | O4: =IF(OR(AND(K4=C4,L4=D4),K4&" / "&L4=E4),1,0) -> 1 | P4: =IF(OR(AND(L4="Alta",M4="Escalada",N4="Sí"),AND(L4<>"Alta",M4="Abierta",N4="No")),1,0) -> 1 | Q4: =IF(I4=O4,"=",IF(O4>I4,"Corregido","Empeora")) -> =
A5: =Casos!A5 -> EV-04 | B5: =Casos!B5 -> Clara | C5: =Casos!D5 -> Avería | D5: =Casos!E5 -> Media | E5: =Casos!G5 -> 0 | F5: INC-0015 | G5: Avería | H5: Media | I5: =IF(OR(AND(G5=C5,H5=D5),G5&" / "&H5=E5),1,0) -> 1 | J5: INC-0045 | K5: Avería | L5: Media | M5: Abierta | N5: No | O5: =IF(OR(AND(K5=C5,L5=D5),K5&" / "&L5=E5),1,0) -> 1 | P5: =IF(OR(AND(L5="Alta",M5="Escalada",N5="Sí"),AND(L5<>"Alta",M5="Abierta",N5="No")),1,0) -> 1 | Q5: =IF(I5=O5,"=",IF(O5>I5,"Corregido","Empeora")) -> =
A6: =Casos!A6 -> EV-05 | B6: =Casos!B6 -> Clara | C6: =Casos!D6 -> Avería | D6: =Casos!E6 -> Media | E6: =Casos!G6 -> 0 | F6: INC-0016 | G6: Avería | H6: Media | I6: =IF(OR(AND(G6=C6,H6=D6),G6&" / "&H6=E6),1,0) -> 1 | J6: INC-0046 | K6: Avería | L6: Media | M6: Abierta | N6: No | O6: =IF(OR(AND(K6=C6,L6=D6),K6&" / "&L6=E6),1,0) -> 1 | P6: =IF(OR(AND(L6="Alta",M6="Escalada",N6="Sí"),AND(L6<>"Alta",M6="Abierta",N6="No")),1,0) -> 1 | Q6: =IF(I6=O6,"=",IF(O6>I6,"Corregido","Empeora")) -> =
A7: =Casos!A7 -> EV-06 | B7: =Casos!B7 -> Clara | C7: =Casos!D7 -> Avería | D7: =Casos!E7 -> Media | E7: =Casos!G7 -> 0 | F7: INC-0017 | G7: Avería | H7: Media | I7: =IF(OR(AND(G7=C7,H7=D7),G7&" / "&H7=E7),1,0) -> 1 | J7: INC-0047 | K7: Avería | L7: Media | M7: Abierta | N7: No | O7: =IF(OR(AND(K7=C7,L7=D7),K7&" / "&L7=E7),1,0) -> 1 | P7: =IF(OR(AND(L7="Alta",M7="Escalada",N7="Sí"),AND(L7<>"Alta",M7="Abierta",N7="No")),1,0) -> 1 | Q7: =IF(I7=O7,"=",IF(O7>I7,"Corregido","Empeora")) -> =
A8: =Casos!A8 -> EV-07 | B8: =Casos!B8 -> Clara | C8: =Casos!D8 -> Avería | D8: =Casos!E8 -> Baja | E8: =Casos!G8 -> 0 | F8: INC-0018 | G8: Avería | H8: Baja | I8: =IF(OR(AND(G8=C8,H8=D8),G8&" / "&H8=E8),1,0) -> 1 | J8: INC-0048 | K8: Avería | L8: Baja | M8: Abierta | N8: No | O8: =IF(OR(AND(K8=C8,L8=D8),K8&" / "&L8=E8),1,0) -> 1 | P8: =IF(OR(AND(L8="Alta",M8="Escalada",N8="Sí"),AND(L8<>"Alta",M8="Abierta",N8="No")),1,0) -> 1 | Q8: =IF(I8=O8,"=",IF(O8>I8,"Corregido","Empeora")) -> =
A9: =Casos!A9 -> EV-08 | B9: =Casos!B9 -> Clara | C9: =Casos!D9 -> Avería | D9: =Casos!E9 -> Baja | E9: =Casos!G9 -> 0 | F9: INC-0019 | G9: Avería | H9: Baja | I9: =IF(OR(AND(G9=C9,H9=D9),G9&" / "&H9=E9),1,0) -> 1 | J9: INC-0049 | K9: Avería | L9: Baja | M9: Abierta | N9: No | O9: =IF(OR(AND(K9=C9,L9=D9),K9&" / "&L9=E9),1,0) -> 1 | P9: =IF(OR(AND(L9="Alta",M9="Escalada",N9="Sí"),AND(L9<>"Alta",M9="Abierta",N9="No")),1,0) -> 1 | Q9: =IF(I9=O9,"=",IF(O9>I9,"Corregido","Empeora")) -> =
A10: =Casos!A10 -> EV-09 | B10: =Casos!B10 -> Clara | C10: =Casos!D10 -> Avería | D10: =Casos!E10 -> Baja | E10: =Casos!G10 -> 0 | F10: INC-0020 | G10: Avería | H10: Baja | I10: =IF(OR(AND(G10=C10,H10=D10),G10&" / "&H10=E10),1,0) -> 1 | J10: INC-0050 | K10: Avería | L10: Baja | M10: Abierta | N10: No | O10: =IF(OR(AND(K10=C10,L10=D10),K10&" / "&L10=E10),1,0) -> 1 | P10: =IF(OR(AND(L10="Alta",M10="Escalada",N10="Sí"),AND(L10<>"Alta",M10="Abierta",N10="No")),1,0) -> 1 | Q10: =IF(I10=O10,"=",IF(O10>I10,"Corregido","Empeora")) -> =
A11: =Casos!A11 -> EV-10 | B11: =Casos!B11 -> Clara | C11: =Casos!D11 -> Avería | D11: =Casos!E11 -> Baja | E11: =Casos!G11 -> 0 | F11: INC-0021 | G11: Avería | H11: Baja | I11: =IF(OR(AND(G11=C11,H11=D11),G11&" / "&H11=E11),1,0) -> 1 | J11: INC-0051 | K11: Avería | L11: Baja | M11: Abierta | N11: No | O11: =IF(OR(AND(K11=C11,L11=D11),K11&" / "&L11=E11),1,0) -> 1 | P11: =IF(OR(AND(L11="Alta",M11="Escalada",N11="Sí"),AND(L11<>"Alta",M11="Abierta",N11="No")),1,0) -> 1 | Q11: =IF(I11=O11,"=",IF(O11>I11,"Corregido","Empeora")) -> =
A12: =Casos!A12 -> EV-11 | B12: =Casos!B12 -> Frontera | C12: =Casos!D12 -> Avería | D12: =Casos!E12 -> Baja | E12: =Casos!G12 -> 0 | F12: INC-0022 | G12: Avería | H12: Baja | I12: =IF(OR(AND(G12=C12,H12=D12),G12&" / "&H12=E12),1,0) -> 1 | J12: INC-0052 | K12: Avería | L12: Baja | M12: Abierta | N12: No | O12: =IF(OR(AND(K12=C12,L12=D12),K12&" / "&L12=E12),1,0) -> 1 | P12: =IF(OR(AND(L12="Alta",M12="Escalada",N12="Sí"),AND(L12<>"Alta",M12="Abierta",N12="No")),1,0) -> 1 | Q12: =IF(I12=O12,"=",IF(O12>I12,"Corregido","Empeora")) -> =
A13: =Casos!A13 -> EV-12 | B13: =Casos!B13 -> Frontera | C13: =Casos!D13 -> Avería | D13: =Casos!E13 -> Alta | E13: =Casos!G13 -> 0 | F13: INC-0023 | G13: Avería | H13: Media | I13: =IF(OR(AND(G13=C13,H13=D13),G13&" / "&H13=E13),1,0) -> 0 | J13: INC-0053 | K13: Avería | L13: Alta | M13: Escalada | N13: Sí | O13: =IF(OR(AND(K13=C13,L13=D13),K13&" / "&L13=E13),1,0) -> 1 | P13: =IF(OR(AND(L13="Alta",M13="Escalada",N13="Sí"),AND(L13<>"Alta",M13="Abierta",N13="No")),1,0) -> 1 | Q13: =IF(I13=O13,"=",IF(O13>I13,"Corregido","Empeora")) -> Corregido
... A31: =Casos!A31 -> EV-30 | B31: =Casos!B31 -> Ambigua | C31: =Casos!D31 -> Otro | D31: =Casos!E31 -> Alta | E31: =Casos!G31 -> Avería / Alta | F31: INC-0041 | G31: Avería | H31: Alta | I31: =IF(OR(AND(G31=C31,H31=D31),G31&" / "&H31=E31),1,0) -> 1 | J31: INC-0071 | K31: Avería | L31: Alta | M31: Escalada | N31: Sí | O31: =IF(OR(AND(K31=C31,L31=D31),K31&" / "&L31=E31),1,0) -> 1 | P31: =IF(OR(AND(L31="Alta",M31="Escalada",N31="Sí"),AND(L31<>"Alta",M31="Abierta",N31="No")),1,0) -> 1 | Q31: =IF(I31=O31,"=",IF(O31>I31,"Corregido","Empeora")) -> =
A34: Resumen v1 → v2
A35: Acierto con alternativas — v1 | F35: =SUM(I2:I31) -> 28 | G35: =SUM(I2:I31)/30 -> 0.93333333
A36: Acierto con alternativas — v2 | F36: =SUM(O2:O31) -> 30 | G36: =SUM(O2:O31)/30 -> 1
A37: Casos corregidos | F37: =COUNTIF(Q2:Q31,"Corregido") -> 2
A38: Casos que empeoran (regresiones) | F38: =COUNTIF(Q2:Q31,"Empeora") -> 0
A39: Escalados perdidos v1 (Alta esperada no detectada) | F39: =COUNTIFS(D2:D31,"Alta",H2:H31,"<>Alta") -> 1
A40: Escalados perdidos v2 | F40: =COUNTIFS(D2:D31,"Alta",L2:L31,"<>Alta") -> 0
A41: Estado coherente con la prioridad en v2 | F41: =SUM(P2:P31) -> 30 | G41: =SUM(P2:P31)/30 -> 1
A43: Aviso metodológico: las dos reglas añadidas en v2 se escribieron tras ver los fallos de v1 en este mismo conjunto. El resultado v2 mide que la corrección funciona sin regresiones, pero es optimista como estimación de precisión en incidencias nuevas.

Sheet Casos
A1: ID | B1: Categoría | C1: Descripción de la incidencia | D1: Tipo esperado | E1: Prioridad esperada | F1: Escalado esperado | G1: Alternativa aceptable | H1: Criterio (fuente) | I1: INC asignada | J1: Tipo obtenido | K1: Prioridad obtenida | L1: Acierto Tipo | M1: Acierto Prioridad | N1: Acierto completo | O1: Acierto con alternativa | P1: Notas
A2: EV-01 | B2: Clara | C2: El cliente no oye nada con ninguno de los dos audífonos desde ayer; ninguno emite sonido. | D2: Avería | E2: Alta | F2: =IF(E2="Alta","Sí","No") -> Sí | H2: procedimiento_averias: pérdida total de función auditiva | I2: INC-0042 | J2: Avería | K2: Alta | L2: =IF(J2="","",IF(J2=D2,1,0)) -> 1 | M2: =IF(K2="","",IF(K2=E2,1,0)) -> 1 | N2: =IF(OR(J2="",K2=""),"",IF(AND(J2=D2,K2=E2),1,0)) -> 1 | O2: =IF(OR(J2="",K2=""),"",IF(OR(N2=1,J2&" / "&K2=G2),1,0)) -> 1
A3: EV-02 | B3: Clara | C3: El audífono ha dejado de funcionar por completo y el cliente tiene revisión con el otorrino pasado mañana. | D3: Avería | E3: Alta | F3: =IF(E3="Alta","Sí","No") -> Sí | H3: procedimiento_averias: cita médica en las próximas 48 h | I3: INC-0043 | J3: Avería | K3: Alta | L3: =IF(J3="","",IF(J3=D3,1,0)) -> 1 | M3: =IF(K3="","",IF(K3=E3,1,0)) -> 1 | N3: =IF(OR(J3="",K3=""),"",IF(AND(J3=D3,K3=E3),1,0)) -> 1 | O3: =IF(OR(J3="",K3=""),"",IF(OR(N3=1,J3&" / "&K3=G3),1,0)) -> 1
A4: EV-03 | B4: Clara | C4: La clienta ha perdido completamente la audición con el aparato y tiene una entrevista de trabajo mañana. | D4: Avería | E4: Alta | F4: =IF(E4="Alta","Sí","No") -> Sí | H4: procedimiento_averias: pérdida total + evento impostergable < 48 h | I4: INC-0044 | J4: Avería | K4: Alta | L4: =IF(J4="","",IF(J4=D4,1,0)) -> 1 | M4: =IF(K4="","",IF(K4=E4,1,0)) -> 1 | N4: =IF(OR(J4="",K4=""),"",IF(AND(J4=D4,K4=E4),1,0)) -> 1 | O4: =IF(OR(J4="",K4=""),"",IF(OR(N4=1,J4&" / "&K4=G4),1,0)) -> 1
A5: EV-04 | B5: Clara | C5: El volumen del audífono izquierdo ha bajado mucho, aunque el cliente sigue oyendo con él. | D5: Avería | E5: Media | F5: =IF(E5="Alta","Sí","No") -> No | H5: procedimiento_averias: pérdida de volumen en un canal | I5: INC-0045 | J5: Avería | K5: Media | L5: =IF(J5="","",IF(J5=D5,1,0)) -> 1 | M5: =IF(K5="","",IF(K5=E5,1,0)) -> 1 | N5: =IF(OR(J5="",K5=""),"",IF(AND(J5=D5,K5=E5),1,0)) -> 1 | O5: =IF(OR(J5="",K5=""),"",IF(OR(N5=1,J5&" / "&K5=G5),1,0)) -> 1
A6: EV-05 | B6: Clara | C6: El audífono pita constantemente cuando el cliente lo lleva puesto en su uso normal. | D6: Avería | E6: Media | F6: =IF(E6="Alta","Sí","No") -> No | H6: procedimiento_averias: pitido frecuente en uso normal | I6: INC-0046 | J6: Avería | K6: Media | L6: =IF(J6="","",IF(J6=D6,1,0)) -> 1 | M6: =IF(K6="","",IF(K6=E6,1,0)) -> 1 | N6: =IF(OR(J6="",K6=""),"",IF(AND(J6=D6,K6=E6),1,0)) -> 1 | O6: =IF(OR(J6="",K6=""),"",IF(OR(N6=1,J6&" / "&K6=G6),1,0)) -> 1
A7: EV-06 | B7: Clara | C7: El sonido se entrecorta a menudo durante las conversaciones, pero el aparato sigue funcionando. | D7: Avería | E7: Media | F7: =IF(E7="Alta","Sí","No") -> No | H7: procedimiento_averias: fallo parcial que reduce la calidad | I7: INC-0047 | J7: Avería | K7: Media | L7: =IF(J7="","",IF(J7=D7,1,0)) -> 1 | M7: =IF(K7="","",IF(K7=E7,1,0)) -> 1 | N7: =IF(OR(J7="",K7=""),"",IF(AND(J7=D7,K7=E7),1,0)) -> 1 | O7: =IF(OR(J7="",K7=""),"",IF(OR(N7=1,J7&" / "&K7=G7),1,0)) -> 1
A8: EV-07 | B8: Clara | C8: Al ponerse el audífono suena un pitido ocasional y después funciona con normalidad. | D8: Avería | E8: Baja | F8: =IF(E8="Alta","Sí","No") -> No | H8: procedimiento_averias: pitido ocasional sin pérdida de función | I8: INC-0048 | J8: Avería | K8: Baja | L8: =IF(J8="","",IF(J8=D8,1,0)) -> 1 | M8: =IF(K8="","",IF(K8=E8,1,0)) -> 1 | N8: =IF(OR(J8="",K8=""),"",IF(AND(J8=D8,K8=E8),1,0)) -> 1 | O8: =IF(OR(J8="",K8=""),"",IF(OR(N8=1,J8&" / "&K8=G8),1,0)) -> 1
A9: EV-08 | B9: Clara | C9: El molde está desgastado y algo amarillento; el audífono funciona bien. | D9: Avería | E9: Baja | F9: =IF(E9="Alta","Sí","No") -> No | H9: procedimiento_averias: desgaste del molde | I9: INC-0049 | J9: Avería | K9: Baja | L9: =IF(J9="","",IF(J9=D9,1,0)) -> 1 | M9: =IF(K9="","",IF(K9=E9,1,0)) -> 1 | N9: =IF(OR(J9="",K9=""),"",IF(AND(J9=D9,K9=E9),1,0)) -> 1 | O9: =IF(OR(J9="",K9=""),"",IF(OR(N9=1,J9&" / "&K9=G9),1,0)) -> 1
A10: EV-09 | B10: Clara | C10: La batería recargable dura unas horas menos que cuando el audífono era nuevo. | D10: Avería | E10: Baja | F10: =IF(E10="Alta","Sí","No") -> No | H10: procedimiento_averias: batería que dura menos de lo esperado | I10: INC-0050 | J10: Avería | K10: Baja | L10: =IF(J10="","",IF(J10=D10,1,0)) -> 1 | M10: =IF(K10="","",IF(K10=E10,1,0)) -> 1 | N10: =IF(OR(J10="",K10=""),"",IF(AND(J10=D10,K10=E10),1,0)) -> 1 | O10: =IF(OR(J10="",K10=""),"",IF(OR(N10=1,J10&" / "&K10=G10),1,0)) -> 1
A11: EV-10 | B11: Clara | C11: La carcasa del audífono tiene un arañazo visible, pero no afecta al funcionamiento. | D11: Avería | E11: Baja | F11: =IF(E11="Alta","Sí","No") -> No | H11: procedimiento_averias: fallo estético | I11: INC-0051 | J11: Avería | K11: Baja | L11: =IF(J11="","",IF(J11=D11,1,0)) -> 1 | M11: =IF(K11="","",IF(K11=E11,1,0)) -> 1 | N11: =IF(OR(J11="",K11=""),"",IF(AND(J11=D11,K11=E11),1,0)) -> 1 | O11: =IF(OR(J11="",K11=""),"",IF(OR(N11=1,J11&" / "&K11=G11),1,0)) -> 1
A12: EV-11 | B12: Frontera | C12: El audífono pita de vez en cuando, sobre todo al ponerse el gorro; el resto del tiempo va bien. | D12: Avería | E12: Baja | F12: =IF(E12="Alta","Sí","No") -> No | H12: Frontera ocasional/frecuente: el pitido es ocasional y ligado a una situación concreta | I12: INC-0052 | J12: Avería | K12: Baja | L12: =IF(J12="","",IF(J12=D12,1,0)) -> 1 | M12: =IF(K12="","",IF(K12=E12,1,0)) -> 1 | N12: =IF(OR(J12="",K12=""),"",IF(AND(J12=D12,K12=E12),1,0)) -> 1 | O12: =IF(OR(J12="",K12=""),"",IF(OR(N12=1,J12&" / "&K12=G12),1,0)) -> 1
A13: EV-12 | B13: Frontera | C13: El cliente dice que no oye nada con el audífono, pero que no tiene prisa porque está de viaje un mes. | D13: Avería | E13: Alta | F13: =IF(E13="Alta","Sí","No") -> Sí | H13: Frontera: la pérdida total es Alta aunque el cliente no exprese urgencia | I13: INC-0053 | J13: Avería | K13: Alta | L13: =IF(J13="","",IF(J13=D13,1,0)) -> 1 | M13: =IF(K13="","",IF(K13=E13,1,0)) -> 1 | N13: =IF(OR(J13="",K13=""),"",IF(AND(J13=D13,K13=E13),1,0)) -> 1 | O13: =IF(OR(J13="",K13=""),"",IF(OR(N13=1,J13&" / "&K13=G13),1,0)) -> 1
... A20: EV-19 | B20: Clara | C20: Llevo dos semanas esperando a que me devuelvan una llamada y nadie me contesta. | D20: Reclamación | E20: Baja | F20: =IF(E20="Alta","Sí","No") -> No | H20: politica_reclamaciones: queja sobre comunicación sin importe | I20: INC-0060 | J20: Reclamación | K20: Baja | L20: =IF(J20="","",IF(J20=D20,1,0)) -> 1 | M20: =IF(K20="","",IF(K20=E20,1,0)) -> 1 | N20: =IF(OR(J20="",K20=""),"",IF(AND(J20=D20,K20=E20),1,0)) -> 1 | O20: =IF(OR(J20="",K20=""),"",IF(OR(N20=1,J20&" / "&K20=G20),1,0)) -> 1
A21: EV-20 | B21: Frontera | C21: Me cobraron 6 € de más y quiero que me los devolváis. | D21: Reclamación | E21: Alta | F21: =IF(E21="Alta","Sí","No") -> Sí | G21: Reclamación / Media | H21: Frontera importe menor vs. exigencia: el criterio literal da Alta por exigir devolución | I21: INC-0061 | J21: Reclamación | K21: Alta | L21: =IF(J21="","",IF(J21=D21,1,0)) -> 1 | M21: =IF(K21="","",IF(K21=E21,1,0)) -> 1 | N21: =IF(OR(J21="",K21=""),"",IF(AND(J21=D21,K21=E21),1,0)) -> 1 | O21: =IF(OR(J21="",K21=""),"",IF(OR(N21=1,J21&" / "&K21=G21),1,0)) -> 1
A22: EV-21 | B22: Ambigua | C22: El audífono nuevo se estropeó a la semana de comprarlo y quiero que me devolváis el dinero. | D22: Reclamación | E22: Alta | F22: =IF(E22="Alta","Sí","No") -> Sí | G22: Avería / Media | H22: Ambigua Avería/Reclamación: prima la exigencia de devolución | I22: INC-0062 | J22: Reclamación | K22: Alta | L22: =IF(J22="","",IF(J22=D22,1,0)) -> 1 | M22: =IF(K22="","",IF(K22=E22,1,0)) -> 1 | N22: =IF(OR(J22="",K22=""),"",IF(AND(J22=D22,K22=E22),1,0)) -> 1 | O22: =IF(OR(J22="",K22=""),"",IF(OR(N22=1,J22&" / "&K22=G22),1,0)) -> 1
A23: EV-22 | B23: Clara | C23: Tengo cita esta tarde a las 17:00 y me ha surgido un imprevisto, no puedo ir. | D23: Otro | E23: Alta | F23: =IF(E23="Alta","Sí","No") -> Sí | H23: cambios_citas: cita en menos de 24 h y no puede acudir | I23: INC-0063 | J23: Otro | K23: Alta | L23: =IF(J23="","",IF(J23=D23,1,0)) -> 1 | M23: =IF(K23="","",IF(K23=E23,1,0)) -> 1 | N23: =IF(OR(J23="",K23=""),"",IF(AND(J23=D23,K23=E23),1,0)) -> 1 | O23: =IF(OR(J23="",K23=""),"",IF(OR(N23=1,J23&" / "&K23=G23),1,0)) -> 1
A24: EV-23 | B24: Clara | C24: Necesito adelantar la cita de ajuste porque me operan de cataratas la semana que viene. | D24: Otro | E24: Media | F24: =IF(E24="Alta","Sí","No") -> No | H24: cambios_citas: adelantar por motivo justificado | I24: INC-0064 | J24: Otro | K24: Media | L24: =IF(J24="","",IF(J24=D24,1,0)) -> 1 | M24: =IF(K24="","",IF(K24=E24,1,0)) -> 1 | N24: =IF(OR(J24="",K24=""),"",IF(AND(J24=D24,K24=E24),1,0)) -> 1 | O24: =IF(OR(J24="",K24=""),"",IF(OR(N24=1,J24&" / "&K24=G24),1,0)) -> 1
A25: EV-24 | B25: Clara | C25: Me voy de viaje el mes que viene; ¿podemos adelantar la revisión a esta semana? | D25: Otro | E25: Media | F25: =IF(E25="Alta","Sí","No") -> No | H25: cambios_citas: adelantar por motivo justificado | I25: INC-0065 | J25: Otro | K25: Media | L25: =IF(J25="","",IF(J25=D25,1,0)) -> 1 | M25: =IF(K25="","",IF(K25=E25,1,0)) -> 1 | N25: =IF(OR(J25="",K25=""),"",IF(AND(J25=D25,K25=E25),1,0)) -> 1 | O25: =IF(OR(J25="",K25=""),"",IF(OR(N25=1,J25&" / "&K25=G25),1,0)) -> 1
A26: EV-25 | B26: Clara | C26: Quiero cambiar mi cita del día 28 al día 30; cualquier hora me va bien. | D26: Otro | E26: Baja | F26: =IF(E26="Alta","Sí","No") -> No | H26: cambios_citas: cambio estándar sin urgencia | I26: INC-0066 | J26: Otro | K26: Baja | L26: =IF(J26="","",IF(J26=D26,1,0)) -> 1 | M26: =IF(K26="","",IF(K26=E26,1,0)) -> 1 | N26: =IF(OR(J26="",K26=""),"",IF(AND(J26=D26,K26=E26),1,0)) -> 1 | O26: =IF(OR(J26="",K26=""),"",IF(OR(N26=1,J26&" / "&K26=G26),1,0)) -> 1
A27: EV-26 | B27: Clara | C27: ¿Cuál es el horario de la tienda de Zaragoza centro? | D27: Otro | E27: Baja | F27: =IF(E27="Alta","Sí","No") -> No | H27: Consulta informativa | I27: INC-0067 | J27: Otro | K27: Baja | L27: =IF(J27="","",IF(J27=D27,1,0)) -> 1 | M27: =IF(K27="","",IF(K27=E27,1,0)) -> 1 | N27: =IF(OR(J27="",K27=""),"",IF(AND(J27=D27,K27=E27),1,0)) -> 1 | O27: =IF(OR(J27="",K27=""),"",IF(OR(N27=1,J27&" / "&K27=G27),1,0)) -> 1
A28: EV-27 | B28: Clara | C28: Quiero pedir cita para hacerme una prueba de audición. | D28: Otro | E28: Baja | F28: =IF(E28="Alta","Sí","No") -> No | H28: cambios_citas: petición de nueva cita sin urgencia | I28: INC-0068 | J28: Otro | K28: Baja | L28: =IF(J28="","",IF(J28=D28,1,0)) -> 1 | M28: =IF(K28="","",IF(K28=E28,1,0)) -> 1 | N28: =IF(OR(J28="",K28=""),"",IF(AND(J28=D28,K28=E28),1,0)) -> 1 | O28: =IF(OR(J28="",K28=""),"",IF(OR(N28=1,J28&" / "&K28=G28),1,0)) -> 1
A29: EV-28 | B29: Clara | C29: Quiero cancelar la revisión del mes que viene. | D29: Otro | E29: Baja | F29: =IF(E29="Alta","Sí","No") -> No | H29: cambios_citas: cancelación sin urgencia | I29: INC-0069 | J29: Otro | K29: Baja | L29: =IF(J29="","",IF(J29=D29,1,0)) -> 1 | M29: =IF(K29="","",IF(K29=E29,1,0)) -> 1 | N29: =IF(OR(J29="",K29=""),"",IF(AND(J29=D29,K29=E29),1,0)) -> 1 | O29: =IF(OR(J29="",K29=""),"",IF(OR(N29=1,J29&" / "&K29=G29),1,0)) -> 1
A30: EV-29 | B30: Clara | C30: ¿Qué cubre la garantía de los moldes? | D30: Otro | E30: Baja | F30: =IF(E30="Alta","Sí","No") -> No | H30: Consulta informativa (garantia_productos) | I30: INC-0070 | J30: Otro | K30: Baja | L30: =IF(J30="","",IF(J30=D30,1,0)) -> 1 | M30: =IF(K30="","",IF(K30=E30,1,0)) -> 1 | N30: =IF(OR(J30="",K30=""),"",IF(AND(J30=D30,K30=E30),1,0)) -> 1 | O30: =IF(OR(J30="",K30=""),"",IF(OR(N30=1,J30&" / "&K30=G30),1,0)) -> 1
A31: EV-30 | B31: Ambigua | C31: Mi audífono dejó de funcionar del todo y quiero cambiar la cita de reparación del viernes a mañana. | D31: Otro | E31: Alta | F31: =IF(E31="Alta","Sí","No") -> Sí | G31: Avería / Alta | H31: Ambigua Otro/Avería: cita ligada a una avería de prioridad Alta | I31: INC-0071 | J31: Avería | K31: Alta | L31: =IF(J31="","",IF(J31=D31,1,0)) -> 0 | M31: =IF(K31="","",IF(K31=E31,1,0)) -> 1 | N31: =IF(OR(J31="",K31=""),"",IF(AND(J31=D31,K31=E31),1,0)) -> 0 | O31: =IF(OR(J31="",K31=""),"",IF(OR(N31=1,J31&" / "&K31=G31),1,0)) -> 1 | P31: Ambigua: Avería/Alta coincide con la alternativa aceptable; escalado correcto.

Sheet Resumen
A1: Resumen de la evaluación
A3: Métrica | B3: Aciertos | C3: Evaluados | D3: Precisión
A4: Tipo | B4: =SUM(Casos!L2:L31) -> 29 | C4: =COUNT(Casos!L2:L31) -> 30 | D4: =IF(C4=0,"-",B4/C4) -> 0.96666667
A5: Prioridad | B5: =SUM(Casos!M2:M31) -> 30 | C5: =COUNT(Casos!M2:M31) -> 30 | D5: =IF(C5=0,"-",B5/C5) -> 1
A6: Completo (Tipo y Prioridad) | B6: =SUM(Casos!N2:N31) -> 29 | C6: =COUNT(Casos!N2:N31) -> 30 | D6: =IF(C6=0,"-",B6/C6) -> 0.96666667
A7: Completo con alternativas | B7: =SUM(Casos!O2:O31) -> 30 | C7: =COUNT(Casos!O2:O31) -> 30 | D7: =IF(C7=0,"-",B7/C7) -> 1
A10: Acierto completo por categoría | B10: Aciertos | C10: Evaluados | D10: Precisión
A11: Clara | B11: =SUMIFS(Casos!$N$2:$N$31,Casos!$B$2:$B$31,"Clara") -> 25 | C11: =COUNTIFS(Casos!$B$2:$B$31,"Clara",Casos!$N$2:$N$31,">=0") -> 25 | D11: =IF(C11=0,"-",B11/C11) -> 1
A12: Frontera | B12: =SUMIFS(Casos!$N$2:$N$31,Casos!$B$2:$B$31,"Frontera") -> 3 | C12: =COUNTIFS(Casos!$B$2:$B$31,"Frontera",Casos!$N$2:$N$31,">=0") -> 3 | D12: =IF(C12=0,"-",B12/C12) -> 1
A13: Ambigua | B13: =SUMIFS(Casos!$N$2:$N$31,Casos!$B$2:$B$31,"Ambigua") -> 1 | C13: =COUNTIFS(Casos!$B$2:$B$31,"Ambigua",Casos!$N$2:$N$31,">=0") -> 2 | D13: =IF(C13=0,"-",B13/C13) -> 0.5
A16: Matriz de confusión — Prioridad (filas: esperada · columnas: obtenida)
A17: Esperada \ Obtenida | B17: Alta | C17: Media | D17: Baja | E17: Total
A18: Alta | B18: =COUNTIFS(Casos!$E$2:$E$31,"Alta",Casos!$K$2:$K$31,"Alta") -> 11 | C18: =COUNTIFS(Casos!$E$2:$E$31,"Alta",Casos!$K$2:$K$31,"Media") -> 0 | D18: =COUNTIFS(Casos!$E$2:$E$31,"Alta",Casos!$K$2:$K$31,"Baja") -> 0 | E18: =SUM(B18:D18) -> 11
A19: Media | B19: =COUNTIFS(Casos!$E$2:$E$31,"Media",Casos!$K$2:$K$31,"Alta") -> 0 | C19: =COUNTIFS(Casos!$E$2:$E$31,"Media",Casos!$K$2:$K$31,"Media") -> 7 | D19: =COUNTIFS(Casos!$E$2:$E$31,"Media",Casos!$K$2:$K$31,"Baja") -> 0 | E19: =SUM(B19:D19) -> 7
A20: Baja | B20: =COUNTIFS(Casos!$E$2:$E$31,"Baja",Casos!$K$2:$K$31,"Alta") -> 0 | C20: =COUNTIFS(Casos!$E$2:$E$31,"Baja",Casos!$K$2:$K$31,"Media") -> 0 | D20: =COUNTIFS(Casos!$E$2:$E$31,"Baja",Casos!$K$2:$K$31,"Baja") -> 12 | E20: =SUM(B20:D20) -> 12
A21: Total | B21: =SUM(B18:B20) -> 11 | C21: =SUM(C18:C20) -> 7 | D21: =SUM(D18:D20) -> 12 | E21: =SUM(E18:E20) -> 30
A24: Matriz de confusión — Tipo (filas: esperado · columnas: obtenido)
A25: Esperado \ Obtenido | B25: Avería | C25: Reclamación | D25: Otro | E25: Total
A26: Avería | B26: =COUNTIFS(Casos!$D$2:$D$31,"Avería",Casos!$J$2:$J$31,"Avería") -> 12 | C26: =COUNTIFS(Casos!$D$2:$D$31,"Avería",Casos!$J$2:$J$31,"Reclamación") -> 0 | D26: =COUNTIFS(Casos!$D$2:$D$31,"Avería",Casos!$J$2:$J$31,"Otro") -> 0 | E26: =SUM(B26:D26) -> 12
A27: Reclamación | B27: =COUNTIFS(Casos!$D$2:$D$31,"Reclamación",Casos!$J$2:$J$31,"Avería") -> 0 | C27: =COUNTIFS(Casos!$D$2:$D$31,"Reclamación",Casos!$J$2:$J$31,"Reclamación") -> 9 | D27: =COUNTIFS(Casos!$D$2:$D$31,"Reclamación",Casos!$J$2:$J$31,"Otro") -> 0 | E27: =SUM(B27:D27) -> 9
A28: Otro | B28: =COUNTIFS(Casos!$D$2:$D$31,"Otro",Casos!$J$2:$J$31,"Avería") -> 1 | C28: =COUNTIFS(Casos!$D$2:$D$31,"Otro",Casos!$J$2:$J$31,"Reclamación") -> 0 | D28: =COUNTIFS(Casos!$D$2:$D$31,"Otro",Casos!$J$2:$J$31,"Otro") -> 8 | E28: =SUM(B28:D28) -> 9
A29: Total | B29: =SUM(B26:B28) -> 13 | C29: =SUM(C26:C28) -> 9 | D29: =SUM(D26:D28) -> 8 | E29: =SUM(E26:E28) -> 30
A32: Escalado (prioridad Alta) — impacto operativo
A33: Caso | B33: Nº
A34: Alta esperada y detectada (escalado correcto) | B34: =COUNTIFS(Casos!$E$2:$E$31,"Alta",Casos!$K$2:$K$31,"Alta") -> 11
A35: Alta esperada NO detectada (escalado perdido) | B35: =COUNTIFS(Casos!$E$2:$E$31,"Alta",Casos!$K$2:$K$31,"<>Alta",Casos!$K$2:$K$31,"<>") -> 0
A36: Escalado innecesario (no Alta clasificada como Alta) | B36: =COUNTIFS(Casos!$E$2:$E$31,"<>Alta",Casos!$K$2:$K$31,"Alta") -> 0
A38: Un escalado perdido es el error más grave: una incidencia crítica no llega al supervisor.
