Workbook

Sheet Instrucciones
A1: Conjunto de VALIDACIÓN independiente — Clasificación AudioVital (Flujo 1, prompt v2)
A2: Proyecto de portafolio con datos ficticios. Autor: José Rafael Vázquez Silva.
A4: Objetivo
A5: Medir cómo clasifica el Flujo 1 (gpt-4.1-mini, temperatura 0, json_object, prompt con criterios documentales) 15 incidencias NUEVAS, redactadas después de cerrar el prompt v2 y sin usarse para ajustarlo. Su resultado es la estimación no sesgada de la precisión.
A7: Composición
A8: 15 casos: 6 Avería, 4 Reclamación, 5 Otro (VAL-15 esperado Avería). 8 claros, 4 de frontera y 3 ambiguos. Redacción más realista: sin tildes, mensajes escuetos, una felicitación y una petición mixta.
A9: Los casos de frontera y ambiguos tienen una 'Alternativa aceptable'. Se mide el acierto estricto (solo el esperado) y el acierto con alternativas.
A11: Cómo rellenarlo
A12: 1. Cargar las 15 descripciones en Dataverse (archivo val_importar_incidencias.csv) y dejar que el Flujo 1 las clasifique.
A13: 2. En la hoja 'Casos', rellenar SOLO las celdas amarillas: INC asignada, Tipo obtenido y Prioridad obtenida (hay desplegables).
A14: 3. Las columnas de acierto y la hoja 'Resumen' se calculan solas con fórmulas.
A16: Leyenda
... A18: La fila EV-01 lleva un ejemplo de formato en gris en la columna 'Notas'; puede borrarse.

Sheet Casos
A1: ID | B1: Categoría | C1: Descripción de la incidencia | D1: Tipo esperado | E1: Prioridad esperada | F1: Escalado esperado | G1: Alternativa aceptable | H1: Criterio (fuente) | I1: INC asignada | J1: Tipo obtenido | K1: Prioridad obtenida | L1: Acierto Tipo | M1: Acierto Prioridad | N1: Acierto completo | O1: Acierto con alternativa | P1: Notas
A2: VAL-01 | B2: Frontera | C2: buenas, el audifono derecho no suena nada desde el lunes, el izquierdo va bien | D2: Avería | E2: Media | F2: =IF(E2="Alta","Sí","No") -> No | G2: Avería / Alta | H2: Frontera: un aparato sin sonido pero el otro funciona; ¿pérdida en un canal (Media) o severa (Alta)? | I2: INC-0072 | J2: Avería | K2: Alta | L2: =IF(J2="","",IF(J2=D2,1,0)) -> 1 | M2: =IF(K2="","",IF(K2=E2,1,0)) -> 0 | N2: =IF(OR(J2="",K2=""),"",IF(AND(J2=D2,K2=E2),1,0)) -> 0 | O2: =IF(OR(J2="",K2=""),"",IF(OR(N2=1,J2&" / "&K2=G2),1,0)) -> 1 | P2: Clasificado Alta (alternativa). Error en la dirección segura: escala de más, no de menos.
A3: VAL-02 | B3: Clara | C3: Se me cayó el audífono al agua en la playa y ya no funciona. Necesito oír bien para un juicio el jueves, pasado mañana. | D3: Avería | E3: Alta | F3: =IF(E3="Alta","Sí","No") -> Sí | H3: procedimiento_averias: no funciona + evento impostergable < 48 h | I3: INC-0073 | J3: Avería | K3: Alta | L3: =IF(J3="","",IF(J3=D3,1,0)) -> 1 | M3: =IF(K3="","",IF(K3=E3,1,0)) -> 1 | N3: =IF(OR(J3="",K3=""),"",IF(AND(J3=D3,K3=E3),1,0)) -> 1 | O3: =IF(OR(J3="",K3=""),"",IF(OR(N3=1,J3&" / "&K3=G3),1,0)) -> 1
A4: VAL-03 | B4: Clara | C4: Cuando hablo por teléfono se oye un zumbido todo el rato; en la calle va bien. | D4: Avería | E4: Media | F4: =IF(E4="Alta","Sí","No") -> No | H4: procedimiento_averias: fallo parcial que reduce la calidad | I4: INC-0074 | J4: Avería | K4: Media | L4: =IF(J4="","",IF(J4=D4,1,0)) -> 1 | M4: =IF(K4="","",IF(K4=E4,1,0)) -> 1 | N4: =IF(OR(J4="",K4=""),"",IF(AND(J4=D4,K4=E4),1,0)) -> 1 | O4: =IF(OR(J4="",K4=""),"",IF(OR(N4=1,J4&" / "&K4=G4),1,0)) -> 1
A5: VAL-04 | B5: Clara | C5: El molde me roza y me hace daño en la oreja después de un rato. | D5: Avería | E5: Baja | F5: =IF(E5="Alta","Sí","No") -> No | H5: procedimiento_averias: molde, no afecta a la audición | I5: INC-0075 | J5: Avería | K5: Baja | L5: =IF(J5="","",IF(J5=D5,1,0)) -> 1 | M5: =IF(K5="","",IF(K5=E5,1,0)) -> 1 | N5: =IF(OR(J5="",K5=""),"",IF(AND(J5=D5,K5=E5),1,0)) -> 1 | O5: =IF(OR(J5="",K5=""),"",IF(OR(N5=1,J5&" / "&K5=G5),1,0)) -> 1
A6: VAL-05 | B6: Frontera | C6: El cargador no enciende la luz y el audífono no carga. Me queda batería para hoy. | D6: Avería | E6: Media | F6: =IF(E6="Alta","Sí","No") -> No | G6: Avería / Alta | H6: Frontera: hoy funciona, pero mañana se quedará sin audición | I6: INC-0076 | J6: Avería | K6: Media | L6: =IF(J6="","",IF(J6=D6,1,0)) -> 1 | M6: =IF(K6="","",IF(K6=E6,1,0)) -> 1 | N6: =IF(OR(J6="",K6=""),"",IF(AND(J6=D6,K6=E6),1,0)) -> 1 | O6: =IF(OR(J6="",K6=""),"",IF(OR(N6=1,J6&" / "&K6=G6),1,0)) -> 1
A7: VAL-06 | B7: Ambigua | C7: Os pagué la reparación hace un mes y sigue igual de mal. Quiero que me devolváis los 120 euros. | D7: Reclamación | E7: Alta | F7: =IF(E7="Alta","Sí","No") -> Sí | G7: Avería / Media | H7: Ambigua: avería persistente + exige devolución económica | I7: INC-0077 | J7: Reclamación | K7: Alta | L7: =IF(J7="","",IF(J7=D7,1,0)) -> 1 | M7: =IF(K7="","",IF(K7=E7,1,0)) -> 1 | N7: =IF(OR(J7="",K7=""),"",IF(AND(J7=D7,K7=E7),1,0)) -> 1 | O7: =IF(OR(J7="",K7=""),"",IF(OR(N7=1,J7&" / "&K7=G7),1,0)) -> 1
A8: VAL-07 | B8: Frontera | C8: No entiendo por qué la factura de este mes es más alta que la del anterior. | D8: Reclamación | E8: Media | F8: =IF(E8="Alta","Sí","No") -> No | G8: Otro / Baja | H8: Frontera queja/consulta sobre un cobro sin exigir devolución | I8: INC-0078 | J8: Reclamación | K8: Media | L8: =IF(J8="","",IF(J8=D8,1,0)) -> 1 | M8: =IF(K8="","",IF(K8=E8,1,0)) -> 1 | N8: =IF(OR(J8="",K8=""),"",IF(AND(J8=D8,K8=E8),1,0)) -> 1 | O8: =IF(OR(J8="",K8=""),"",IF(OR(N8=1,J8&" / "&K8=G8),1,0)) -> 1
A9: VAL-08 | B9: Clara | C9: Me han cobrado dos veces el seguro del audífono, 45 € cada vez. | D9: Reclamación | E9: Alta | F9: =IF(E9="Alta","Sí","No") -> Sí | H9: politica_reclamaciones: cobro duplicado | I9: INC-0079 | J9: Reclamación | K9: Alta | L9: =IF(J9="","",IF(J9=D9,1,0)) -> 1 | M9: =IF(K9="","",IF(K9=E9,1,0)) -> 1 | N9: =IF(OR(J9="",K9=""),"",IF(AND(J9=D9,K9=E9),1,0)) -> 1 | O9: =IF(OR(J9="",K9=""),"",IF(OR(N9=1,J9&" / "&K9=G9),1,0)) -> 1
A10: VAL-09 | B10: Frontera | C10: Nadie me avisó de que la garantía no cubría las caídas. Me siento engañado. | D10: Reclamación | E10: Media | F10: =IF(E10="Alta","Sí","No") -> No | G10: Reclamación / Baja | H10: Frontera: disconformidad con condición contractual vs. queja de comunicación | I10: INC-0080 | J10: Reclamación | K10: Baja | L10: =IF(J10="","",IF(J10=D10,1,0)) -> 1 | M10: =IF(K10="","",IF(K10=E10,1,0)) -> 0 | N10: =IF(OR(J10="",K10=""),"",IF(AND(J10=D10,K10=E10),1,0)) -> 0 | O10: =IF(OR(J10="",K10=""),"",IF(OR(N10=1,J10&" / "&K10=G10),1,0)) -> 1 | P10: Baja en vez de Media (alternativa). La política no separa bien "condición contractual" de "queja de comunicación".
A11: VAL-10 | B11: Ambigua | C11: La chica de la tienda me trató fenomenal, solo quería decíroslo. | D11: Otro | E11: Baja | F11: =IF(E11="Alta","Sí","No") -> No | G11: Reclamación / Baja | H11: Trampa: felicitación, no es una queja | I11: INC-0081 | J11: Reclamación | K11: Baja | L11: =IF(J11="","",IF(J11=D11,1,0)) -> 0 | M11: =IF(K11="","",IF(K11=E11,1,0)) -> 1 | N11: =IF(OR(J11="",K11=""),"",IF(AND(J11=D11,K11=E11),1,0)) -> 0 | O11: =IF(OR(J11="",K11=""),"",IF(OR(N11=1,J11&" / "&K11=G11),1,0)) -> 1 | P11: Felicitación clasificada como Reclamación: la taxonomía no tiene categoría para opiniones positivas. Prioridad correcta.
A12: VAL-11 | B12: Clara | C12: Mañana a las 9 tengo cita y estoy con fiebre, no voy a poder ir. | D12: Otro | E12: Alta | F12: =IF(E12="Alta","Sí","No") -> Sí | H12: cambios_citas: cita en menos de 24 h y no puede acudir | I12: INC-0082 | J12: Otro | K12: Alta | L12: =IF(J12="","",IF(J12=D12,1,0)) -> 1 | M12: =IF(K12="","",IF(K12=E12,1,0)) -> 1 | N12: =IF(OR(J12="",K12=""),"",IF(AND(J12=D12,K12=E12),1,0)) -> 1 | O12: =IF(OR(J12="",K12=""),"",IF(OR(N12=1,J12&" / "&K12=G12),1,0)) -> 1
A13: VAL-12 | B13: Clara | C13: Quería saber si hacéis revisiones a domicilio para mi madre, que tiene 90 años. | D13: Otro | E13: Baja | F13: =IF(E13="Alta","Sí","No") -> No | H13: Consulta informativa | I13: INC-0083 | J13: Otro | K13: Baja | L13: =IF(J13="","",IF(J13=D13,1,0)) -> 1 | M13: =IF(K13="","",IF(K13=E13,1,0)) -> 1 | N13: =IF(OR(J13="",K13=""),"",IF(AND(J13=D13,K13=E13),1,0)) -> 1 | O13: =IF(OR(J13="",K13=""),"",IF(OR(N13=1,J13&" / "&K13=G13),1,0)) -> 1
A14: VAL-13 | B14: Clara | C14: ¿Puedo adelantar la entrega del audífono? Empiezo a trabajar el lunes y lo necesito. | D14: Otro | E14: Media | F14: =IF(E14="Alta","Sí","No") -> No | H14: cambios_citas: adelantar por motivo justificado | I14: INC-0084 | J14: Otro | K14: Media | L14: =IF(J14="","",IF(J14=D14,1,0)) -> 1 | M14: =IF(K14="","",IF(K14=E14,1,0)) -> 1 | N14: =IF(OR(J14="",K14=""),"",IF(AND(J14=D14,K14=E14),1,0)) -> 1 | O14: =IF(OR(J14="",K14=""),"",IF(OR(N14=1,J14&" / "&K14=G14),1,0)) -> 1
A15: VAL-14 | B15: Clara | C15: Cambiar cita revision. Gracias | D15: Otro | E15: Baja | F15: =IF(E15="Alta","Sí","No") -> No | H15: cambios_citas: cambio estándar, mensaje escueto y sin tildes | I15: INC-0085 | J15: Otro | K15: Baja | L15: =IF(J15="","",IF(J15=D15,1,0)) -> 1 | M15: =IF(K15="","",IF(K15=E15,1,0)) -> 1 | N15: =IF(OR(J15="",K15=""),"",IF(AND(J15=D15,K15=E15),1,0)) -> 1 | O15: =IF(OR(J15="",K15=""),"",IF(OR(N15=1,J15&" / "&K15=G15),1,0)) -> 1
A16: VAL-15 | B16: Ambigua | C16: Aprovecho para pedir cita, y además el audífono lleva dos días sin sonar en ninguno de los dos oídos. | D16: Avería | E16: Alta | F16: =IF(E16="Alta","Sí","No") -> Sí | G16: Otro / Alta | H16: Ambigua: petición de cita + avería total; prima la avería | I16: INC-0086 | J16: Avería | K16: Alta | L16: =IF(J16="","",IF(J16=D16,1,0)) -> 1 | M16: =IF(K16="","",IF(K16=E16,1,0)) -> 1 | N16: =IF(OR(J16="",K16=""),"",IF(AND(J16=D16,K16=E16),1,0)) -> 1 | O16: =IF(OR(J16="",K16=""),"",IF(OR(N16=1,J16&" / "&K16=G16),1,0)) -> 1

Sheet Resumen
A1: Resumen de la evaluación
A3: Métrica | B3: Aciertos | C3: Evaluados | D3: Precisión
A4: Tipo | B4: =SUM(Casos!L2:L16) -> 14 | C4: =COUNT(Casos!L2:L16) -> 15 | D4: =IF(C4=0,"-",B4/C4) -> 0.93333333
A5: Prioridad | B5: =SUM(Casos!M2:M16) -> 13 | C5: =COUNT(Casos!M2:M16) -> 15 | D5: =IF(C5=0,"-",B5/C5) -> 0.86666667
A6: Completo (Tipo y Prioridad) | B6: =SUM(Casos!N2:N16) -> 12 | C6: =COUNT(Casos!N2:N16) -> 15 | D6: =IF(C6=0,"-",B6/C6) -> 0.8
A7: Completo con alternativas | B7: =SUM(Casos!O2:O16) -> 15 | C7: =COUNT(Casos!O2:O16) -> 15 | D7: =IF(C7=0,"-",B7/C7) -> 1
A10: Acierto completo por categoría | B10: Aciertos | C10: Evaluados | D10: Precisión
A11: Clara | B11: =SUMIFS(Casos!$N$2:$N$16,Casos!$B$2:$B$16,"Clara") -> 8 | C11: =COUNTIFS(Casos!$B$2:$B$16,"Clara",Casos!$N$2:$N$16,">=0") -> 8 | D11: =IF(C11=0,"-",B11/C11) -> 1
A12: Frontera | B12: =SUMIFS(Casos!$N$2:$N$16,Casos!$B$2:$B$16,"Frontera") -> 2 | C12: =COUNTIFS(Casos!$B$2:$B$16,"Frontera",Casos!$N$2:$N$16,">=0") -> 4 | D12: =IF(C12=0,"-",B12/C12) -> 0.5
A13: Ambigua | B13: =SUMIFS(Casos!$N$2:$N$16,Casos!$B$2:$B$16,"Ambigua") -> 2 | C13: =COUNTIFS(Casos!$B$2:$B$16,"Ambigua",Casos!$N$2:$N$16,">=0") -> 3 | D13: =IF(C13=0,"-",B13/C13) -> 0.66666667
A16: Matriz de confusión — Prioridad (filas: esperada · columnas: obtenida)
A17: Esperada \ Obtenida | B17: Alta | C17: Media | D17: Baja | E17: Total
A18: Alta | B18: =COUNTIFS(Casos!$E$2:$E$16,"Alta",Casos!$K$2:$K$16,"Alta") -> 5 | C18: =COUNTIFS(Casos!$E$2:$E$16,"Alta",Casos!$K$2:$K$16,"Media") -> 0 | D18: =COUNTIFS(Casos!$E$2:$E$16,"Alta",Casos!$K$2:$K$16,"Baja") -> 0 | E18: =SUM(B18:D18) -> 5
A19: Media | B19: =COUNTIFS(Casos!$E$2:$E$16,"Media",Casos!$K$2:$K$16,"Alta") -> 1 | C19: =COUNTIFS(Casos!$E$2:$E$16,"Media",Casos!$K$2:$K$16,"Media") -> 4 | D19: =COUNTIFS(Casos!$E$2:$E$16,"Media",Casos!$K$2:$K$16,"Baja") -> 1 | E19: =SUM(B19:D19) -> 6
A20: Baja | B20: =COUNTIFS(Casos!$E$2:$E$16,"Baja",Casos!$K$2:$K$16,"Alta") -> 0 | C20: =COUNTIFS(Casos!$E$2:$E$16,"Baja",Casos!$K$2:$K$16,"Media") -> 0 | D20: =COUNTIFS(Casos!$E$2:$E$16,"Baja",Casos!$K$2:$K$16,"Baja") -> 4 | E20: =SUM(B20:D20) -> 4
A21: Total | B21: =SUM(B18:B20) -> 6 | C21: =SUM(C18:C20) -> 4 | D21: =SUM(D18:D20) -> 5 | E21: =SUM(E18:E20) -> 15
A24: Matriz de confusión — Tipo (filas: esperado · columnas: obtenido)
A25: Esperado \ Obtenido | B25: Avería | C25: Reclamación | D25: Otro | E25: Total
A26: Avería | B26: =COUNTIFS(Casos!$D$2:$D$16,"Avería",Casos!$J$2:$J$16,"Avería") -> 6 | C26: =COUNTIFS(Casos!$D$2:$D$16,"Avería",Casos!$J$2:$J$16,"Reclamación") -> 0 | D26: =COUNTIFS(Casos!$D$2:$D$16,"Avería",Casos!$J$2:$J$16,"Otro") -> 0 | E26: =SUM(B26:D26) -> 6
A27: Reclamación | B27: =COUNTIFS(Casos!$D$2:$D$16,"Reclamación",Casos!$J$2:$J$16,"Avería") -> 0 | C27: =COUNTIFS(Casos!$D$2:$D$16,"Reclamación",Casos!$J$2:$J$16,"Reclamación") -> 4 | D27: =COUNTIFS(Casos!$D$2:$D$16,"Reclamación",Casos!$J$2:$J$16,"Otro") -> 0 | E27: =SUM(B27:D27) -> 4
A28: Otro | B28: =COUNTIFS(Casos!$D$2:$D$16,"Otro",Casos!$J$2:$J$16,"Avería") -> 0 | C28: =COUNTIFS(Casos!$D$2:$D$16,"Otro",Casos!$J$2:$J$16,"Reclamación") -> 1 | D28: =COUNTIFS(Casos!$D$2:$D$16,"Otro",Casos!$J$2:$J$16,"Otro") -> 4 | E28: =SUM(B28:D28) -> 5
A29: Total | B29: =SUM(B26:B28) -> 6 | C29: =SUM(C26:C28) -> 5 | D29: =SUM(D26:D28) -> 4 | E29: =SUM(E26:E28) -> 15
A32: Escalado (prioridad Alta) — impacto operativo
A33: Caso | B33: Nº
A34: Alta esperada y detectada (escalado correcto) | B34: =COUNTIFS(Casos!$E$2:$E$16,"Alta",Casos!$K$2:$K$16,"Alta") -> 5
A35: Alta esperada NO detectada (escalado perdido) | B35: =COUNTIFS(Casos!$E$2:$E$16,"Alta",Casos!$K$2:$K$16,"<>Alta",Casos!$K$2:$K$16,"<>") -> 0
A36: Escalado innecesario (no Alta clasificada como Alta) | B36: =COUNTIFS(Casos!$E$2:$E$16,"<>Alta",Casos!$K$2:$K$16,"Alta") -> 1
A38: Un escalado perdido es el error más grave: una incidencia crítica no llega al supervisor.
